group_key,total_cocoa_deforestation_15_years_total_exposure
GERMANY,101806.21425732214
CANADA,46919.62572649407
NETHERLANDS,304224.2490357941
MALAYSIA,96811.44842321497
BELGIUM,134186.37888121622
TURKEY,68478.50654654602
ITALY,33837.850565858025
UNITED STATES,178059.32714667288
INDONESIA,37340.809942875036
FRANCE,69011.37500256099
UNITED KINGDOM,63780.336435550096
SPAIN,39446.720123159976
ESTONIA,39815.55291876098
